link_text,href
Spot Trading,https://www.bibvip.com/spot
Derivatives,javascript:void(0);
,https://www.bibvip.com/en_US/futures
,https://www.bibvip.com/en_US/futures/copyTraders
,https://www.bibvip.com/en_US/futures/mock
,https://www.bibvip.com/en_US/options/flash
,https://www.bibvip.com/en_US/options/volatility
Earn,javascript:void(0);
,https://www.bibvip.com/en_US/investment/term
,https://www.bibvip.com/en_US/investment/detail?id=1667153880330596352
,https://www.bibvip.com/en_US/investment/fund
,https://www.bibvip.com/en_US/investment/easyEarn
Web3,javascript:void(0);
,https://www.bibvip.com/en_US/activities/fiesta
,https://www.bibvip.com/en_US/activities/mysterybox
More,javascript:void(0);
,https://academy.bibvip.com/
,https://www.bibvip.com/en_US/personal/recommendInvite
,https://www.bibvip.com/login
,https://www.bibvip.com/register
,https://www.bibvip.com/spot
,https://www.bibvip.com/appDownload
,https://www.bibvip.com/personal/userManagement
,https://www.bibvip.com/appDownload
Register,https://www.bibvip.com/en_US/register
,https://www.bibvip.com/en_US/spot
More,https://www.bibvip.com/noticeInfo
,https://twitter.com/BIB_VIP
,https://www.facebook.com/bibexchangeofficial
,https://www.linkedin.com/company/bibexchangeofficial
,https://www.instagram.com/bib_exchange/
,http://bibexchange.medium.com/
,https://t.me/BIB_Global
About Us,https://www.bibvip.com/cms/about
BIB Blog,https://blog.bibvip.com/en_US/
BIB Meta,https://www.bibmeta.net/
White Paper,https://download.bibvip.com/download/BIB%E7%99%BD%E7%9A%AE%E4%B9%A6%E8%8B%B1%E6%96%87%E7%89%880723.pdf
User Agreement,https://www.bibvip.com/cms/agreement
Privacy Policy,https://www.bibvip.com/cms/privacy
Disclaimer,https://www.bibvip.com/cms/disclaimer
Fees,https://www.bibvip.com/cms/fee
Listing Application,https://www.bibvip.com/cms/apply
API Doc,https://www.bibvip.com/cms/apidoc
Announcements,https://www.bibvip.com/noticeInfo/
Launchpad,https://www.bibvip.com/en_US/launchpad
Help Center,https://help.bibvip.com/en_us/
Feedback,https://www.bibvip.com/questions/init
Downloads,https://www.bibvip.com/appDownload
,https://www.bibvip.com/cms/about
,https://blog.bibvip.com/en_US/
,https://www.bibmeta.net/
,https://download.bibvip.com/download/BIB%E7%99%BD%E7%9A%AE%E4%B9%A6%E8%8B%B1%E6%96%87%E7%89%880723.pdf
,https://www.bibvip.com/cms/agreement
,https://www.bibvip.com/cms/privacy
,https://www.bibvip.com/cms/disclaimer
,https://www.bibvip.com/cms/fee
,https://www.bibvip.com/cms/apply
,https://www.bibvip.com/cms/apidoc
,https://www.bibvip.com/noticeInfo/
,https://www.bibvip.com/en_US/launchpad
,https://help.bibvip.com/en_us/
,https://www.bibvip.com/questions/init
,https://www.bibvip.com/appDownload
,https://twitter.com/BIB_VIP
,https://www.facebook.com/bibexchangeofficial
,https://www.linkedin.com/company/bibexchangeofficial
,https://www.instagram.com/bib_exchange/
,http://bibexchange.medium.com/
,https://t.me/BIB_Global
