Link,Not Translated Words
https://www.google.com,Spot
https://www.google.com,Trading
https://www.google.com,Derivatives
https://www.google.com,Earn
https://www.google.com,Web
https://www.google.com,More
https://www.google.com,Log
https://www.google.com,In
https://www.google.com,Sign
https://www.google.com,Up
https://www.google.com,English
https://www.google.com,USD
https://www.google.com,Global
https://www.google.com,digital
https://www.google.com,asset
https://www.google.com,interaction
https://www.google.com,platform
https://www.google.com,Choose
https://www.google.com,BIB
https://www.google.com,EXCHANGE
https://www.google.com,buy
https://www.google.com,sell
https://www.google.com,trade
https://www.google.com,crypto
https://www.google.com,easily
https://www.google.com,Newbie
https://www.google.com,limited
https://www.google.com,time
https://www.google.com,benefits
https://www.google.com,register
https://www.google.com,an
https://www.google.com,account
https://www.google.com,and
https://www.google.com,earn
https://www.google.com,up
https://www.google.com,to
https://www.google.com,USDT
https://www.google.com,rewards
https://www.google.com,Register
https://www.google.com,Announcement
https://www.google.com,BIB
https://www.google.com,September
https://www.google.com,Newcomer
https://www.google.com,Cash
https://www.google.com,Giveaway
https://www.google.com,Total
https://www.google.com,Prize
https://www.google.com,Pool
https://www.google.com,of
https://www.google.com,U
https://www.google.com,Event
https://www.google.com,Announcement
https://www.google.com,More
https://www.google.com,POPULAR
https://www.google.com,CRYPTOCURRENCIES
https://www.google.com,Hot
https://www.google.com,Crypto
https://www.google.com,Top
https://www.google.com,Gainers
https://www.google.com,Losers
https://www.google.com,Volume
https://www.google.com,Hot
https://www.google.com,Crypto
https://www.google.com,Cryptocurrency
https://www.google.com,Price
https://www.google.com,h
https://www.google.com,Change
https://www.google.com,BNB
https://www.google.com,BIB
https://www.google.com,USDT
https://www.google.com,BTC
https://www.google.com,BTC
https://www.google.com,USDT
https://www.google.com,ETH
https://www.google.com,ETH
https://www.google.com,USDT
https://www.google.com,DOT
https://www.google.com,DOT
https://www.google.com,USDT
https://www.google.com,XRP
https://www.google.com,XRP
https://www.google.com,USDT
https://www.google.com,PRODUCTS
https://www.google.com,AND
https://www.google.com,SERVICES
https://www.google.com,Earn
https://www.google.com,Copy
https://www.google.com,Trading
https://www.google.com,Wealth
https://www.google.com,Box
https://www.google.com,ETF
https://www.google.com,Earn
https://www.google.com,Multiple
https://www.google.com,options
https://www.google.com,for
https://www.google.com,every
https://www.google.com,user
https://www.google.com,s
https://www.google.com,needs
https://www.google.com,Cumulative
https://www.google.com,users
https://www.google.com,B
https://www.google.com,Asset
https://www.google.com,size
https://www.google.com,Periodic
https://www.google.com,Wealth
https://www.google.com,Management
https://www.google.com,APY
https://www.google.com,USDT
https://www.google.com,Est
https://www.google.com,rewards
https://www.google.com,Fund
https://www.google.com,Investment
https://www.google.com,APY
https://www.google.com,USDT
https://www.google.com,Est
https://www.google.com,rewards
https://www.google.com,Easy
https://www.google.com,Earn
https://www.google.com,APY
https://www.google.com,BTC
https://www.google.com,Est
https://www.google.com,rewards
https://www.google.com,BIB
https://www.google.com,Pledge
https://www.google.com,APY
https://www.google.com,BIB
https://www.google.com,Est
https://www.google.com,rewards
https://www.google.com,BIB
https://www.google.com,EXCHANGE
https://www.google.com,Trustworthy
https://www.google.com,digital
https://www.google.com,asset
https://www.google.com,interaction
https://www.google.com,platform
https://www.google.com,safe
https://www.google.com,and
https://www.google.com,transparent
https://www.google.com,service
https://www.google.com,first
https://www.google.com,Emergency
https://www.google.com,Asset
https://www.google.com,Rescue
https://www.google.com,System
https://www.google.com,Unlike
https://www.google.com,many
https://www.google.com,exchanges
https://www.google.com,we
https://www.google.com,provide
https://www.google.com,for
https://www.google.com,recovering
https://www.google.com,assets
https://www.google.com,fully
https://www.google.com,and
https://www.google.com,quickly
https://www.google.com,Safe
https://www.google.com,and
https://www.google.com,Secure
https://www.google.com,Certified
https://www.google.com,by
https://www.google.com,Armors
https://www.google.com,Labs
https://www.google.com,to
https://www.google.com,protect
https://www.google.com,your
https://www.google.com,personal
https://www.google.com,data
https://www.google.com,and
https://www.google.com,investments
https://www.google.com,Certified
https://www.google.com,and
https://www.google.com,Regulated
https://www.google.com,Obtained
https://www.google.com,dual
https://www.google.com,MSB
https://www.google.com,licenses
https://www.google.com,from
https://www.google.com,US
https://www.google.com,and
https://www.google.com,Canada
https://www.google.com,and
https://www.google.com,securing
https://www.google.com,the
https://www.google.com,VFA
https://www.google.com,in
https://www.google.com,Malta
https://www.google.com,by
https://www.google.com,Q
https://www.google.com,Help
https://www.google.com,on
https://www.google.com,Demand
https://www.google.com,Designed
https://www.google.com,for
https://www.google.com,Beginners
https://www.google.com,Trusted
https://www.google.com,by
https://www.google.com,millions
https://www.google.com,of
https://www.google.com,users
https://www.google.com,around
https://www.google.com,the
https://www.google.com,world
https://www.google.com,Million
https://www.google.com,USDT
https://www.google.com,in
https://www.google.com,platform
https://www.google.com,Million
https://www.google.com,Future
https://www.google.com,Trades
https://www.google.com,Volume
https://www.google.com,Million
https://www.google.com,Assets
https://www.google.com,Monthly
https://www.google.com,New
https://www.google.com,Users
https://www.google.com,Trade
https://www.google.com,anytime
https://www.google.com,anywhere
https://www.google.com,Download
https://www.google.com,the
https://www.google.com,BIB
https://www.google.com,Exchange
https://www.google.com,App
https://www.google.com,available
https://www.google.com,for
https://www.google.com,iOS
https://www.google.com,and
https://www.google.com,Android
https://www.google.com,Scan
https://www.google.com,to
https://www.google.com,download
https://www.google.com,iPhone
https://www.google.com,IPA
https://www.google.com,Android
https://www.google.com,APK
https://www.google.com,Google
https://www.google.com,Play
https://www.google.com,UNBOUNDED
https://www.google.com,INTEGRATED
https://www.google.com,INNOVATION
https://www.google.com,About
https://www.google.com,About
https://www.google.com,Us
https://www.google.com,BIB
https://www.google.com,Blog
https://www.google.com,BIB
https://www.google.com,Meta
https://www.google.com,White
https://www.google.com,Paper
https://www.google.com,Privacy
https://www.google.com,Policy
https://www.google.com,User
https://www.google.com,Agreement
https://www.google.com,Privacy
https://www.google.com,Policy
https://www.google.com,Disclaimer
https://www.google.com,Service
https://www.google.com,Fees
https://www.google.com,Listing
https://www.google.com,Application
https://www.google.com,API
https://www.google.com,Doc
https://www.google.com,Announcements
https://www.google.com,Launchpad
https://www.google.com,Support
https://www.google.com,Help
https://www.google.com,Center
https://www.google.com,Feedback
https://www.google.com,Downloads
https://www.google.com,BIB
https://www.google.com,All
https://www.google.com,Rights
https://www.google.com,Reserved
https://www.google.com,by
https://www.google.com,BIB
https://www.google.com,Group
https://www.google.com,U
https://www.google.com,S
https://www.google.com,MSB
https://www.google.com,License
https://www.google.com,NO
